{
  "document_id": "doc_7d5be8557151",
  "document_type": "unknown",
  "file_name": "doc_7d5be8557151.png",
  "vendor": "Non-Current Assets",
  "vendor_address": null,
  "vendor_phone": null,
  "vendor_email": null,
  "customer": null,
  "invoice_number": "erred",
  "account_number": null,
  "document_date": "2022 2023",
  "due_date": null,
  "subtotal": null,
  "tax_amount": null,
  "tax_rate": null,
  "total_amount": 182000.0,
  "currency": "USD",
  "line_items": [],
  "payment_method": null,
  "extraction_confidence": 0.584,
  "ocr_confidence": 0.667,
  "raw_text": "EDUCBA\nCompany ABC Balance Sheet\nAmount in millions $\nParticulars 2022 2023\nlcurrentassets | |\nCash and cash equivalents $11,000 $12,500\nMarketable securities $120,000 $130,000\n$2,000 | $2,500\nTrade receivables(net) and other receivables $30,000 $37,000\nTotal Current Assets (A $163,000 $182,000\na\nNon-Current Assets a\nProperty, plant, and equipment (net $35,000 $40,000\nIntangible assets $7,500 $8,000\nTrade and other receivables $15,000 $17,000\nGoodwill $40,000 $45,000\nTotal Non-Current Assets (B $97,500 $110,000\na\nLiabilities ee\nCurrent Liabilities a ee\nAccounts payable $9,000 $11,000\nCurrent income tax liabilities $5,500 $7,000\nCurrent portion of long-term borrowings $49,000 $51,000\n10,000 11,000\nTotal Current Liabilities (C 73,500 80,000\nPO\nNon-Current Liabilities ee ee\n30,000 31,500\n44,500 47,000\nDeferred income taxes 2,000 6,000\nOther long-term liabilities 7,500 5,000\nTotal Non-Current Liabilities (D 84,000 89,500\nPreferred Stock 42,000 45,000\n$30,000 | $40,000\nAdditional Paid capital 5,000 6,500\n26,000 31,000\nTotal Stockholders’ Equity (E 103,000 | $122,500 |\n| Check ———————— LY] 0 SO",
  "extracted_at": "2025-12-27T15:07:37.539303",
  "extraction_method": "agent_1_ocr_ner_llm"
}