{
  "document_id": "doc_679b1c26b35e",
  "document_type": "unknown",
  "file_name": "doc_679b1c26b35e.pdf",
  "vendor": null,
  "vendor_address": null,
  "vendor_phone": null,
  "vendor_email": null,
  "customer": null,
  "invoice_number": null,
  "account_number": null,
  "document_date": null,
  "due_date": null,
  "subtotal": null,
  "tax_amount": null,
  "tax_rate": null,
  "total_amount": null,
  "currency": "USD",
  "line_items": [],
  "payment_method": null,
  "extraction_confidence": 0.5,
  "ocr_confidence": 1.0,
  "raw_text": "Apple iSports Group, Inc. (Filer) CIK: 0001134982\nPrint Document\n10-K\nCover\nCover\nFinancial Statements\nCONSOLIDATED BALANCE\nSHEETS\nCONSOLIDATED BALANCE\nSHEETS (Parenthetical)\nCONSOLIDATED\nSTATEMENTS OF\nCOMPREHENSIVE LOSS\nCONSOLIDATED\nSTATEMENTS OF CHANGES\nIN STOCKHOLDERS DEFICIT\nCONSOLIDATED\nSTATEMENTS OF CASH\nFLOWS\nNotes to Financial Statements\nAccounting Policies\nNotes Tables\nNotes Details\nAll Reports\nCONSOLIDATED BALANCE SHEETS - USD ($)\nDec. 31, 2024\nDec. 31, 2023\nCurrent assets:\n \n \nCash and cash equivalents\n$ 42,167\n$ 673\nGoods and service tax receivable\n48,073\n61,798\nMarketable security\n100\n100\nPrepaid and other assets\n11,440\n6,812\nTotal current assets\n101,780\n69,383\nDeposits\n87,313\n0\nNotes Receivable\n80,000\n0\nAccrued interest income\n2,998\n0\nTotal assets\n272,091\n69,383\nCurrent liabilities:\n \n \nAccounts payable and accrued expenses\n2,024,108\n2,464,558\nAccounts payable and accrued expenses - related\nparties\n458,525\n0\nDue to related party\n4,999\n4,999\nLoans payable - related parties\n3,597,442\n2,720,549\nAccrued interest - related parties\n154,160\n77,964\nAccrued payroll\n402,130\n108,487\nTotal current liabilities\n6,641,364\n5,376,557\nTotal liabilities\n6,641,364\n5,376,557\nStockholders' deficit:\n \n \nCommon stock, $0.0001 par value, 500,000,000 shares\nauthorized, 208,484,811 and 202,784,211 issued and\noutstanding as of December 31, 2024 and 2023\n20,848\n20,278\nAdditional paid-in capital\n6,567,575\n5,223,245\nTreasury stock, 1 share, at cost\n(52,954)\n(52,954)\nAccumulated other comprehensive income\n354,207\n(60,130)\nAccumulated deficit\n(13,258,949)\n(10,437,613)\nTotal stockholders' deficit\n(6,369,273)\n(5,307,174)\nTotal Liabilities and Stockholders' Deficit\n$ 272,091\n$ 69,383\nSEC.gov\nEDGAR\nFAQ\nFilings search tools\nView Filing Data\n1/13/26, 11:07 AM\nView Filing Data\nhttps://www.sec.gov/cgi-bin/viewer?action=view&cik=1134982&accession_number=0001477932-25-002341&xbrl_type=v#\n1/2\n\nMailing Address\n100 SPECTRUM CENTER\nDRIVE\nSUITE 900\nIRVINE CA 920618\nBusiness Address\n100 SPECTRUM CENTER\nDRIVE\nSUITE 900\nIRVINE CA 920618\n61 3 8393 1459\nApple iSports Group, Inc. (Filer) CIK: 0001134982 (see all\ncompany filings)\nIRS No.: 880126444 | State of Incorp.: NV | Fiscal Year End: 1231\nType: 10-K | Act: 34 | File No.: 000-32389 | Film No.: 25799101\nSIC: 6411 Insurance Agents, Brokers & Service\n(CF Office: 02 Finance)\n1/13/26, 11:07 AM\nView Filing Data\nhttps://www.sec.gov/cgi-bin/viewer?action=view&cik=1134982&accession_number=0001477932-25-002341&xbrl_type=v#\n2/2",
  "extracted_at": "2026-01-19T11:46:53.252229",
  "extraction_method": "agent_1_ocr_ner_llm"
}