{
  "document_id": "doc_5c3c4429eb17",
  "document_type": "unknown",
  "file_name": "doc_5c3c4429eb17.jpg",
  "vendor": null,
  "vendor_address": null,
  "vendor_phone": null,
  "vendor_email": null,
  "customer": null,
  "invoice_number": null,
  "account_number": null,
  "document_date": null,
  "due_date": null,
  "subtotal": null,
  "tax_amount": null,
  "tax_rate": null,
  "total_amount": null,
  "currency": "USD",
  "line_items": [],
  "payment_method": null,
  "extraction_confidence": 0.269,
  "ocr_confidence": 0.038,
  "raw_text": "—_ ==]\n—\n———————l",
  "extracted_at": "2025-12-19T14:04:05.410235",
  "extraction_method": "agent_1_ocr_ner_llm"
}